lid,Part Name,Part Number,Category,Desc
11,Safety Goggles,,Assorted Tools,
11,Screwdrivers,,Assorted Tools,
11,Wire Cutters,,Assorted Tools,
12,QUAD 2-INPUT NOR GATE,CD4001,4XXX Series CMOS chips,
12,DUAL 4-INPUT NOR GATE,CD4002,4XXX Series CMOS chips,
12,DUAL COMPLEMENTARY PAIR + 1ÊNOT GATE,CD4007,4XXX Series CMOS chips,
12,4-BIT BINARY FULLÊADDER,CD4008/MC14008,4XXX Series CMOS chips,
12,Hex Buffer/CMOS-TTL Converter,CD4009,4XXX Series CMOS chips,
12,QUAD 2-INPUTÊNAND GATE,CD4011,4XXX Series CMOS chips,
12,DUAL 4-INPUT NAND GATE,CD4012,4XXX Series CMOS chips,
12,DUAL D-TYPEÊFLIP-FLOP,CD4013,4XXX Series CMOS chips,
12,DUAL 4-STAGE SHIFT REGISTER,CD4015,4XXX Series CMOS chips,
12,QUADÊBILATERAL SWITCH,CD4016,4XXX Series CMOS chips,
12,DECADE COUNTER WITH 10 DECODED OUTPUTS (5-STAGEÊJOHNSON COUNTER),CD4017,4XXX Series CMOS chips,
12,QUAD AND/OR SELECTÊGATE,CD4019,4XXX Series CMOS chips,
12,TRIPLE 3-INPUT NAND GATE,CD4023,4XXX Series CMOS chips,
12,TRIPLE 3-INPUT NOR GATE,CD4025,4XXX Series CMOS chips,
12,DUAL J-K MASTER-SLAVE FLIP-FLOP,CD4027,4XXX Series CMOS chips,
12,BCD TO DECIMAL (1-OF-10) DECODER,CD4028,4XXX Series CMOS chips,
12,"PRESETTABLE UP/DOWN COUNTER, BINARY OR BCD-DECADE",CD4029,4XXX Series CMOS chips,
12,QUADÊXORÊGATE (REPLACED BY 4070),CD4030,4XXX Series CMOS chips,
12,4-STAGE PARALLEL-IN/PARALLEL-OUT SHIFT REGISTER,CD4035,4XXX Series CMOS chips,
12,12-STAGE BINARY RIPPLE COUNTER,CD4040,4XXX Series CMOS chips,
13,QUAD TRUE/COMPLEMENT BUFFER,CD4041,4XXX Series CMOS chips,
13,QUAD D-TYPE LATCH,CD4042,4XXX Series CMOS chips,
13,QUAD NORÊR/S LATCHÊWITHÊTRI-STATEÊOUTPUTS,CD4043,4XXX Series CMOS chips,
13,QUAD NAND R/S LATCH WITH TRI-STATE OUTPUTS,CD4044,4XXX Series CMOS chips,
13,PHASE-LOCKED LOOPÊWITHÊVCO,CD4046,4XXX Series CMOS chips,
13,MONOSTABLE/ASTABLEÊMULTIVIBRATOR,CD4047,4XXX Series CMOS chips,
13,HEX INVERTING BUFFER,CD4049,4XXX Series CMOS chips,
13,HEX BUFFER/CONVERTER (NON-INVERTING),CD4050,4XXX Series CMOS chips,
13,8-CHANNEL ANALOG MULTIPLEXER/DEMULTIPLEXER,CD4051,4XXX Series CMOS chips,
13,TRIPLE 2-CHANNEL ANALOG MULTIPLEXER/DEMULTIPLEXER,CD4053,4XXX Series CMOS chips,
13,"QUADÊANALOG SWITCHÊ(LOW ""ON"" RESISTANCE)",CD4066,4XXX Series CMOS chips,
13,HEX INVERTER,CD4069,4XXX Series CMOS chips,
13,QUAD 2-INPUTÊXOR GATE,CD4070,4XXX Series CMOS chips,
13,QUAD 2-INPUTÊOR GATE,CD4071,4XXX Series CMOS chips,
13,DUAL 4-INPUT OR GATE,CD4072,4XXX Series CMOS chips,
13,TRIPLE 3-INPUTÊAND GATE,CD4073,4XXX Series CMOS chips,
13,QUAD D-TYPE REGISTER WITH TRI-STATE OUTPUTS,CD4076,4XXX Series CMOS chips,
13,QUAD 2-INPUT AND GATE,CD4081,4XXX Series CMOS chips,
13,DUAL 4-INPUT AND GATE,CD4082,4XXX Series CMOS chips,
13,QUAD 2-INPUTÊSCHMITT TRIGGERÊNAND GATE,CD4093,4XXX Series CMOS chips,
14,8-STAGE SHIFT-AND-STORE BUS SHIFT REG/LATCH,CD4094,4XXX Series CMOS chips,
14,DUAL ONE-SHOT MONOSTABLE,CD4098,4XXX Series CMOS chips,
14,HEX NON-INVERTING BUFFER WITH TRI-STATE OUTPUTS,CD4503,4XXX Series CMOS chips,
14,BCD TO 7-SEGMENT LATCH/DECODER/DRIVER,CD4511,4XXX Series CMOS chips,
14,8-INPUT MULTIPLEXER (DATA SELECTOR) WITH TRI-STATE OUTPUT,CD4512,4XXX Series CMOS chips,
14,DUAL BCD UP COUNTER,CD4518,4XXX Series CMOS chips,
14,DUAL 4-BIT BINARY UP COUNTER,CD4520,4XXX Series CMOS chips,
14,BCD TO 7-SEGMENT LATCH/DECODER/DRIVER WITH PHASE INPUT,CD4543,4XXX Series CMOS chips,
14,4-BITÊDIGITAL COMPARATOR,CD4585,4XXX Series CMOS chips,
15,18-STAGEÊSTATIC SHIFT REGISTER,CD4006,Misc CD4XXX ,
15,DUAL COMPLEMENTARY PAIR + 1ÊNOT GATE,CD4007,Misc CD4XXX ,
15,HEX NON-INVERTING BUFFER/CONVERTER (TO REPLACED BY 4050),CD4010,Misc CD4XXX ,
15,8-STAGE STATIC SHIFT REGISTER,CD4014,Misc CD4XXX ,
15,DECADE COUNTER WITH 10 DECODED OUTPUTS (5-STAGEÊJOHNSON COUNTER),CD4017,Misc CD4XXX ,
15,PRESETTABLE DIVIDE-BY-N COUNTER,CD4018,Misc CD4XXX ,
15,8-STAGE SHIFT REGISTER,CD4021,Misc CD4XXX ,
15,OCTAL COUNTER WITH 8 DECODED OUTPUTS (4-STAGE JOHNSON COUNTER),CD4022,Misc CD4XXX ,
15,7-STAGEÊBINARY RIPPLE COUNTER,CD4024,Misc CD4XXX ,
15,3-STATE MULTIFUNCTIONAL EXPANDABLE 8-INPUT GATE (TRI-STATE OUTPUT),CD4048,Misc CD4XXX ,
15,8-INPUT NAND GATE,CD4068,Misc CD4XXX ,
15,QUAD 2-INPUTÊXNOR GATE,CD4077,Misc CD4XXX ,
15,"DUAL 2-WIDE, 2-INPUT AND/OR INVERT (AOI)",CD4085,Misc CD4XXX ,
15,"6-WIDE AND-NOR, EXPANDABLE 4-WIDE, 2-INPUT AND/OR INVERT (AOI)",CD4086,Misc CD4XXX ,
15,QUAD 2-INPUTÊSCHMITT TRIGGERÊNAND GATE,CD4093,Misc CD4XXX ,
15,8-BIT ADDRESSABLE LATCH,CD4099,Misc CD4XXX ,
15,PROGRAMMABLE DECADE COUNTER WITH ASYNCHRONOUS CLEAR,CD4160,Misc CD4XXX ,
15,4-BIT BINARY COUNTER WITH ASYNCHRONOUS CLEAR,CD4161,Misc CD4XXX ,
15,"PROGRAMMABLE DECADE COUNTER, 4-BIT BINARY COUNTER WITH SYNCHRONOUS CLEAR",CD4163,Misc CD4XXX ,
15,HEX D-TYPE FLIP-FLOP,CD4174,Misc CD4XXX ,
15,PRESETTABLE UP-DOWN COUNTER,CD4192,Misc CD4XXX ,
15,DUAL 4 INPUT EXPANDABLE NOR,CD4402,Misc CD4XXX ,
15,8-STAGE BINARY COUNTER,CD4404,Misc CD4XXX ,
15,DUAL 4 INPUT EXPANDABLE NAND,CD4412,Misc CD4XXX ,
15,QUAD ANALOG SWITCH,CD4416,Misc CD4XXX ,
15,BCD COUNTER WITH 7-SEGMENT DECODER,CD4426,Misc CD4XXX ,
15,QUAD BUFFER,CD4441,Misc CD4XXX ,
15,PHASE-LOCKED LOOP,CD4446,Misc CD4XXX ,
15,HEX INVERTER,CD4449,Misc CD4XXX ,
15,STROBED HEX INVERTING BUFFER (TRI-STATE),CD4502,Misc CD4XXX ,
15,DUAL 4-BIT LATCH WITH TRI-STATE OUTPUTS,CD4508,Misc CD4XXX ,
15,1-OF-16 DECODER/DEMULTIPLEXER ACTIVE HIGH OUTPUT,CD4514,Misc CD4XXX ,
15,1-OF-16 DECODER/DEMULTIPLEXER ACTIVE LOW OUTPUT,CD4515,Misc CD4XXX ,
15,DUAL 64-STAGE SHIFT REGISTER,CD4517,Misc CD4XXX ,
15,PROGRAMMABLE BCD DIVIDE-BY-N COUNTER,CD4522,Misc CD4XXX ,
15,BCD RATE MULTIPLIER,CD4527,Misc CD4XXX ,
15,8-BITÊPRIORITY ENCODER,CD4532,Misc CD4XXX ,
15,BCD TO 7-SEGMENT LATCH/DECODER/DRIVER WITH PHASE INPUT,CD4543,Misc CD4XXX ,
15,DUAL 1-OF-4 DECODER/DEMULTIPLEXER ACTIVE HIGH OUTPUT,CD4555,Misc CD4XXX ,
15,8-BIT SHIFT REGISTER,7491,Misc CD4XXX ,
16,QUAD 2-INPUTÊNAND GATE,74LS00,74LS Series chips,
16,QUAD 2-INPUTÊNORÊGATE,74LS02,74LS Series chips,
16,HEXÊINVERTER,74LS04,74LS Series chips,
16,HEX INVERTER WITH OPEN COLLECTOR OUTPUTS,74LS05,74LS Series chips,
16,HEX BUFFER/DRIVER WITH 30ÊV OPEN COLLECTOR OUTPUTS,74LS07,74LS Series chips,
16,QUAD 2-INPUTÊAND GATE,74LS08,74LS Series chips,
16,TRIPLE 3-INPUT NAND GATE,74LS10,74LS Series chips,
16,HEX SCHMITT TRIGGER INVERTER,74LS14,74LS Series chips,
16,DUAL 4-INPUT NAND GATE,74LS20,74LS Series chips,
16,DUAL 4-INPUT AND GATE,74LS21,74LS Series chips,
16,TRIPLE 3-INPUT NOR GATE,74LS27,74LS Series chips,
16,QUAD 2-INPUTÊOR GATE,74LS32,74LS Series chips,
16,BCD TO DECIMAL DECODER,74LS42,74LS Series chips,
16,DUAL D POSITIVE EDGE TRIGGERED FLIP-FLOP WITH PRESET AND CLEAR,74LS74,74LS Series chips,
16,4-BITÊMAGNITUDE COMPARATOR,74LS85,74LS Series chips,
16,QUAD 2-INPUTÊXOR GATE,74LS86,74LS Series chips,
16,DECADE COUNTERÊ(SEPARATE DIVIDE-BY-2 AND DIVIDE-BY-5 SECTIONS),74LS90,74LS Series chips,
16,4-BIT BINARY COUNTER (SEPARATE DIVIDE-BY-2 AND DIVIDE-BY-8 SECTIONS),74LS93,74LS Series chips,
17,DUAL J-NOT-K POSITIVE-EDGE-TRIGGERED FLIP-FLOP WITH CLEAR AND PRESET,74LS109,74LS Series chips,
17,DUAL J-K NEGATIVE-EDGE-TRIGGERED FLIP-FLOP WITH CLEAR AND PRESET,74LS112,74LS Series chips,
17,DUAL RETRIGGERABLE MONOSTABLE MULTIVIBRATOR WITH CLEAR,74LS123,74LS Series chips,
17,3 TO 8-LINE DECODER/DEMULTIPLEXER,74LS138,74LS Series chips,
17,DUAL 2 TO 4-LINE DECODER/DEMULTIPLEXER,74LS139,74LS Series chips,
17,SYNCHRONOUS 4-BIT BINARY COUNTER WITH SYNCHRONOUS CLEAR,74LS163,74LS Series chips,
17,8-BIT PARALLEL-OUT SERIAL SHIFT REGISTER WITH ASYNCHRONOUS CLEAR,74LS164,74LS Series chips,
17,"8-BIT SERIAL SHIFT REGISTER, PARALLEL LOAD, COMPLEMENTARY OUTPUTS",74LS165,74LS Series chips,
17,4-BIT ARITHMETIC LOGIC UNIT AND FUNCTION GENERATOR,74LS181,74LS Series chips,
17,64-BIT (16X4) RAM WITH INVERTING THREE-STATE OUTPUTS,74LS189,74LS Series chips,
17,SYNCHRONOUS UP/DOWN BINARY COUNTER,74LS191,74LS Series chips,
17,SYNCHRONOUS UP/DOWN 4-BIT BINARY COUNTER WITH CLEAR,74LS193,74LS Series chips,
17,4-BIT BIDIRECTIONAL UNIVERSAL SHIFT REGISTER,74LS194,74LS Series chips,
17,DUAL MONOSTABLE MULTIVIBRATOR WITH SCHMITT TRIGGER INPUT,74LS221,74LS Series chips,
17,OCTAL BUFFER WITH INVERTED THREE-STATE OUTPUTS,74LS240,74LS Series chips,
17,OCTAL BUFFER WITH NONINVERTED THREE-STATE OUTPUTS,74LS244,74LS Series chips,
17,OCTAL BUS TRANSCEIVER WITH NONINVERTED THREE-STATE OUTPUTS,74LS245,74LS Series chips,
17,8-LINE TO 1-LINE DATA SELECTOR/MULTIPLEXER WITH COMPLEMENTARY THREE-STATE OUTPUTS,74LS251,74LS Series chips,
17,QUAD 2-LINE TO 1-LINE DATA SELECTOR/MULTIPLEXER WITH NONINVERTED THREE-STATE OUTPUTS,74LS257,74LS Series chips,
17,8-BIT REGISTER WITH RESET,74LS273,74LS Series chips,
18,QUAD 2-INPUT NAND GATE WITHÊOPEN COLLECTORÊOUTPUTS,74LS01,74LS Series chips,
18,QUAD 2-INPUT NAND GATE WITH OPEN COLLECTOR OUTPUTS,74LS03,74LS Series chips,
18,TRIPLE 3-INPUT NAND GATE WITH OPEN COLLECTOR OUTPUTS,74LS12,74LS Series chips,
18,DUALÊSCHMITT TRIGGERÊ4-INPUT NAND GATE,74LS13,74LS Series chips,
18,TRIPLE 3-INPUT AND GATE WITH OPEN COLLECTOR OUTPUTS,74LS15,74LS Series chips,
18,QUAD 2-INPUT NAND GATE WITH 15ÊV OPEN COLLECTOR OUTPUTS,74LS26,74LS Series chips,
18,QUAD 2-INPUT NAND BUFFER WITH OPEN COLLECTOR OUTPUTS,74LS38,74LS Series chips,
18,DUAL 2-WIDE 2-INPUT AND-OR-INVERT GATE,74LS51,74LS Series chips,
18,3-2-2-3-INPUT AND-OR-INVERT GATE,74LS54,74LS Series chips,
18,DUAL 4-INPUT EXPANDER,74LS60,74LS Series chips,
18,DUAL J-K FLIP-FLOP WITH PRESET AND CLEAR,74LS76,74LS Series chips,
18,4-BIT BINARY FULL ADDER,74LS83,74LS Series chips,
18,DUAL J-K FLIP-FLOP WITH CLEAR,74LS107,74LS Series chips,
18,DUAL J-NOT-K POSITIVE-EDGE-TRIGGERED FLIP-FLOP WITH CLEAR AND PRESET,74LS109,74LS Series chips,
18,DUALÊVOLTAGE-CONTROLLED OSCILLATOR,74LS124,74LS Series chips,
18,"QUAD BUS BUFFER WITHÊTHREE-STATEÊOUTPUTS, NEGATIVE ENABLE",74LS125,74LS Series chips,
18,QUAD 2-INPUT NAND SCHMITT TRIGGER,74LS132,74LS Series chips,
18,"QUAD 2-LINE TO 1-LINE DATA SELECTOR/MULTIPLEXER, NONINVERTING",74LS157,74LS Series chips,
18,PARALLEL-LOAD 8-BIT SHIFT REGISTER,74LS166,74LS Series chips,
18,4 BY 4 REGISTER FILE WITH OPEN COLLECTOR OUTPUTS,74LS170,74LS Series chips,
18,HEX D FLIP-FLOP WITH COMMON CLEAR,74LS174,74LS Series chips,
18,QUAD D EDGE-TRIGGERED FLIP-FLOP WITH COMPLEMENTARY OUTPUTS AND ASYNCHRONOUS CLEAR,74LS175,74LS Series chips,
18,LOOKAHEAD CARRY GENERATOR,74LS182,74LS Series chips,
18,OCTAL BUFFER WITH INVERTED THREE-STATE OUTPUTS,74LS240,74LS Series chips,
18,DUAL 4-LINE TO 1-LINE DATA SELECTOR/MULTIPLEXER WITH THREE-STATE OUTPUTS,74LS253,74LS Series chips,
18,8-BIT ADDRESSABLE LATCH,74LS259,74LS Series chips,
18,4-BIT BINARYÊFULL ADDER,74LS283,74LS Series chips,
18,QUAD 2-INPUT MULTIPLEXER WITH STORAGE,74LS298,74LS Series chips,
18,OCTAL THREE-STATE D-LATCHES,74LS363,74LS Series chips,
18,HEX BUFFER WITH INVERTED THREE-STATE OUTPUTS,74LS366,74LS Series chips,
18,HEX BUFFER WITH NONINVERTED THREE-STATE OUTPUTS,74LS367,74LS Series chips,
18,HEX BUFFER WITH INVERTED THREE-STATE OUTPUTS,74LS368,74LS Series chips,
18,OCTAL TRANSPARENT LATCH WITH THREE-STATE OUTPUTS,74LS373,74LS Series chips,
18,OCTAL REGISTER WITH THREE-STATE OUTPUTS,74LS374,74LS Series chips,
18,8-BIT REGISTER WITH CLOCK ENABLE,74LS377,74LS Series chips,
18,QUAD 2-INPUT MULTIPLEXER WITH STORAGE,74LS399,74LS Series chips,
18,LINE DRIVER/MEMORY DRIVER CIRCUITS - MOS MEMORY INTERFACE,74LS437,74LS Series chips,
18,PROGRAMMABLE READ-ONLY MEMORY WITH THREE-STATE OUTPUTS,74LS475,74LS Series chips,
18,NON-INVERTING OCTAL BUFFER WITH THREE-STATE OUTPUTS,74LS541,74LS Series chips,
18,8-BIT BINARY COUNTER WITH INPUT REGISTERS,74LS592,74LS Series chips,
18,"VOLTAGE-CONTROLLED OSCILLATOR WITH ENABLE CONTROL, RANGE CONTROL, TWO-PHASE OUTPUTS",74LS624,74LS Series chips,
18,OCTAL BUS TRANSCEIVER WITH INVERTING THREE-STATE OUTPUTS,74LS640,74LS Series chips,
18,OCTAL BUS TRANSCEIVER WITH NONINVERTING OPEN COLLECTOR OUTPUTS,74LS641,74LS Series chips,
18,OCTAL BUS TRANSCEIVER,74LS645,74LS Series chips,
18,4 BY 4 REGISTER FILE WITH THREE-STATE OUTPUTS,74LS670,74LS Series chips,
18,Octal D-type transparent latch; 3-state,74HCT573,74LS Series chips,
18,Octal D-type flip-flop; positive edge-trigger; 3-state,74HCT574,74LS Series chips,
18,SRAM static sensitive,2114,74LS Series chips,
21,DIN Connectors,,IDC connectors,
21,Mini - D Connectors,,IDC connectors,
21,9 Pin DIN Connection Hood,,IDC connectors,
21,DC Power Jack 2.15mm 2.5mm,,IDC connectors,
21,D - Conn 9 Pin Solder female,,IDC connectors,
21,D - Conn 9 Pin Solder male,,IDC connectors,
21,D - Conn 9 Pin IDC female,,IDC connectors,
21,D - Conn 9 Pin IDC male,,IDC connectors,
21,D - Conn 15 Pin Solder female,,IDC connectors,
21,D - Conn 15 Pin Solder male,,IDC connectors,
21,D - Conn 15 Pin IDC female,,IDC connectors,
21,D - Conn 15 Pin IDC male,,IDC connectors,
21,D - Conn 25 Pin Solder female,,IDC connectors,
21,D - Conn 25 Pin Solder male,,IDC connectors,
21,D - Conn 25 Pin IDC female,,IDC connectors,
21,D - Conn 25 Pin IDC male,,IDC connectors,
22,Molex male pins,,Reg- Tranistors,
22,Molex female pins,,Oscillators,
22,2 pin molex Conn Male,,Molex Connectors,
22,2 pin molex Conn Female,,Molex Connectors,
22,6 pin molex Conn Male,,Molex Connectors,
22,6 pin molex Conn Female,,Molex Connectors,
22,12 pin molex Conn Male,,Molex Connectors,
22,12 pin molex Conn Female,,Molex Connectors,
22,2p molex male,,Molex Connectors,
22,2p molex female,,Molex Connectors,
22,4p molex female,,Molex Connectors,
22,4p molex male,,Molex Connectors,
22,Neg. Adj. Regulator 1.5 A,LM337,Regulator,
22,Pos. Adj. Regulator 5 A,LM338,Regulator,
22,Pos. Adj. Regulator 3 A,LM317,Regulator,
22,Pos. 5V Regulator 100ma,78L05,Regulator,
22,Pos. 5V Regulator 1.5 A,7805,Regulator,
22,Neg. 5V Regulator 1.5 A,7905,Regulator,
22,Neg. 12V Regulator 100ma,79L12,Regulator,
22,Neg. 12V Regulator 1.5 A,7912,Regulator,
22,Pos. 12V Regulator 1.5 A,7812,Regulator,
22,Pos. 15V Regulator 100ma,78L15,Regulator,
22,Pos. 15V Regulator 1.5 A,7815,Regulator,
22,Neg. 15V Regulator 100ma,79L15,Regulator,
22,Neg. 15V Regulator 1.5 A,,Regulator,
22,Pos. 24V Regulator 1.5 A,7824,Regulator,
22,Neg. 2.5 Shunt Reg.,LM336Z,Regulator,
23,Red LED T1,,LED,
23,Green LED,,LED,
23,Yellow LED,,LED,
23,Superbright Red LED,,LED,
23,Bicolor LED yellow/green,,LED,
23,Bicolor LED red/green,,LED,
23,LED mounts,,LED,
23,BCD to 7 Seg Driver,7447,Misc Crystal Osc.,
23,BCD to 7 Seg Decoder,7448,Misc Crystal Osc.,
23,CC 7 Seg display,,7 Seg displays,
23,CA 7 Seg display,,7 Seg displays,
23,Misc LED displays,,LED,
23,Solid State analog switch,DG201,Misc Crystal Osc.,
23,"Normally open, quad single-polesingle-throw (SPST) analog switches",DG212,Misc Crystal Osc.,
23,4 Mhz Ceramic Resonator,,Misc Crystal Osc.,
23,40 Mhz Crystal Oscillator,,Misc Crystal Osc.,
23,20 Mhz Crystal Oscillator,,Misc Crystal Osc.,
23,10 Mhz Crystal Oscillator,,Misc Crystal Osc.,
23,4 Mhz Crystal Oscillator,,Misc Crystal Osc.,
23,Misc Crystal Oscillators,,Misc Crystal Osc.,
24,,3AG .5 A,Fuses,
24,,3AG 2 A Leads,,
24,,3AG 5 A Leads,,
24,,3AG 0.3 A,,
24,,3AG 2 A,,
24,,3AG 5 A,,
24,,3AG .25 A,,
24,,3AG 1.5 A,,
24,,AGC 2A,,
24,,AGC 4A,,
24,,3AG 3/16 A,,
24,,3AG 1 A,,
24,,3AG 3 A,,
24,,3AG 1/32 A,,
24,,3AG .75 A,,
24,,3AG 2.5 A,,
24,,3AG SB .125 A,,
24,,3AG SB .75 A,,
24,,3AG SB 3 A,,
24,,3AG SB 1/100 A,,
24,,3AG SB .6 A,,
24,,3AG SB 2 A,,
24,,3AG SB 20 A,,
24,,3AG SB 0.5 A,,
24,,3AG SB 1.5 A,,
24,,3AG 10 A,,
24,,3AG SB 3/8 A,,
24,,3AG SB 1 A,,
24,,3AG 6A,,
24,,3AG SB .25 A,,
24,,3AG SB 8/10 A,,
24,,3AG 32V 4A,,
24,,3AG 32V 3A,,
24,,3AG SB 10 A,,
24,,3AG SB 8 A,,
24,,3AG SB 5 A,,
24,,3AG 32V 10 A,,
24,,3AG 32V 15 A,,
24,,GMA 0.5A,,
24,,GMA 1 A,,
24,,GMA 2 A,,
24,,GMA 3 A,,
24,,GMA 5 A,,
24,,GMA 7 A,,
24,,GMA 8 A,,
24,,GMA 10 A,,
24,,8AG 2 A,,
24,,8AG 1/100 A,,
24,,3AG 0.25 A,,
24,,MDL 1 A,,
24,,ABC 30,,
24,,BK/ATC 20,,
24,,Littelfuse 3AG 15/100 A SB,,
24,,Littelfuse 3AG 1.25 A SB,,
24,,Littelfuse 3AG 3/5 A SLC-BLD,,
24,,Littelfuse 3AG 1/32,,
24,,Littelfuse 3AG 3/8,,
24,,Littelfuse 3AG .175 MA SB,,
24,,Buss Fuses AGC 2/10 3AG,,
24,,Littelfuse 3AG 1/32 A SB,,
24,,Littelfuse 8AG 1/4,,
24,,Allied Fuses 3AG 1/2,,
24,,Littelfuse 3AG .175 MA,,
24,,Buss Fuses ABC 2 3AB,,
24,,Littelfuse 3AG 1/32 A,,
24,,Littelfuse 8AG 3/8,,
24,,Littelfuse Micro 2 A,,
24,,Littelfuse 3AG 1.25 A,,
24,,Littelfuse 8AG 5 A,,
24,,Littelfuse 3AG 1/16 ,,
24,,Littelfuse 3AG 1/32 A SP,,
25,Fans,,Misc,
25,Misc,,Misc,
26,Speaker Terminal,,Plugs,
26,Binding Posts,,Connectors,
26,BNC Panel Connectors,,Connectors,
26,RCA (phono) jack black/red,,Connectors,
26,"1/4"" mono jack",,Connectors,
26,"1/4"" mono plug",,Connectors,
26,RCA (phono) plug,,Connectors,
26,3.5 mm Jack,,Connectors,
26,Tip jacks sockets,,Connectors,
26,Alligator Clips small black/red,,Connectors,
26,Alligator Clips,,Connectors,
26,Black Clip covers,,Connectors,
26,Red Clip covers,,Connectors,
26,3.5mm Plug Mono,,Connectors,
26,3.5mm Plug Stereo,,Connectors,
26,3.5mm Jack Stereo Inline,,Connectors,
26,Phono Jacks,,Connectors,
27,Ribbon Headers,,Ribbon headers,
27,PGA sockets,,IC sockets,
27,Ribbon Header 20 pin,,Ribbon headers,
27,Ribbon Header 40 pin,,Ribbon headers,
27,IDC Header 14 pin,,Header,
27,IDC Header 16 pin,,Header,
27,IDC Header 24 pin,,Header,
27,IDC Header 28 pin,,Header,
27,DIP Header 14 pin,,Header,
27,4 Pos DIP switch,,Switches,
27,6 Pos DIP switch,,Switches,
27,8 Pos DIP switch,,Switches,
27,Momentary Switches (Push Buttons),,Switches,
27,IC Socket 8 pin,,IC sockets,
27,IC Socket 14 pin,,IC sockets,
27,IC Socket 16 pin,,IC sockets,
27,IC Socket 20 pin,,IC sockets,
27,IC Socket 24 pin,,IC sockets,
27,IC Socket 28 pin,,IC sockets,
27,IC Socket 40 pin,,IC sockets,
28,Banana to EZ clips,,Alligator Clips,
28,BNC - T,,Phone Cords,
28,Battery Holders and Clips,,Battery Holders,
28,BNC - F EZ clips Male,,BNC Connectors,
28,BNC - F EZ clips Female,,BNC Connectors,
28,Alligator Clips,,Alligator Clips,
29,,Relays 5V coil SPST,Relays,
29,,Relays 115 VAC coil,Relays,
29,,Relays solid state,Relays,
29,,Relay DPDT,Relays,
29,,Relays 12V coil,Relays,
29,,Ground Isolator,Ground Isolator,
29,,BNC to RCA (phono),Fuse Holders,
29,,BNC to dual banana,Fuse Holders,
29,,Terminal Strips and Terminals ,Terminal Strips ,
29,,Relays 24V coil,Relays,
29,,Small Speakers,Speakers,
29,,6V solenoid,Solenoids,
31,Wire Strippers,,Hand Tools,
31,Wire Cutters,,Hand Tools,
31,Pliers,,Hand Tools,
31,Multimeter,,Hand Tools,
31,Manual Pulse Probe,,Hand Tools,
31,LabPot 10K,,Hand Tools,
31,6.3V AC ,,Hand Tools,
31,Blowdryer,,Hand Tools,
31,Hexagonal Socket Screwdrivers,,Hand Tools,
31,Phillps Head Screwdrivers,,Hand Tools,
31,Slot Head Screwdrivers,,Hand Tools,
32,T49 M Klipwrap Terminal,,Electronic Components,
32,Several Unknown,"Nuts, Bolts, Screws",Hardware Components,
32,Mike ET,,Electronic Components,
32,Miniature Lamp,CM 344,Electronic Components,
32,Meter Fuses,,Electronic Components,
32,1K Potentiometer,,Electronic Components,
32,2K Potentiometer,,Electronic Components,
32,5K Potentiometer,,Electronic Components,
32,10K Potentiometer,,Electronic Components,
32,25K Potentiometer,,Electronic Components,
32,50K Potentiometer,,Electronic Components,
32,100K Potentiometer,,Electronic Components,
32,100 OHM Potentiometer,,Electronic Components,
32,1K Potentiometer,,Electronic Components,
32,in5294,,Electronic Components,
32,555 Timer,,Electronic Components,
32,7555 Timer,,Electronic Components,
32,Quad opamp,LM324,Electronic Components,
32,High Speed Dual Comparator,LM319,Electronic Components,
32,NPN Amp,2N5088,Electronic Components,
32,"Low Offset, Low Drift JFET Input Operational Amplifier.",LF411,Electronic Components,
32,high voltage silicon transistor arrays,CA3096,Electronic Components,
32,Monolithic timing circuitÊ,MC1455,Electronic Components,
32,,LM358,Electronic Components,
32,,LF353,Electronic Components,
32,,LPT100,Electronic Components,
32,,LM741,Electronic Components,
32,#47 Lamp & Sockets,,Electronic Components,
32,Quad Comparator,CA339,Electronic Components,
32,,LM386,Electronic Components,
32,,LM311,Electronic Components,
32,,LF356,Electronic Components,
32,Jfet quad opamp,LF347,Electronic Components,
32,,1N914,Electronic Components,
32,,,Electronic Components,
32,JFET N Channel High-Frequency TransistorÊ,2N5485,Electronic Components,
32,PNP General-Purpose Amplifier,2N3906,Electronic Components,
32,Small Signal NPN Transistor,2N3904,Electronic Components,
32,1K Potentiometer,,Electronic Components,
32,10K Potentiometer,,Electronic Components,
32,100K Audio,,Electronic Components,
33,RCL AL-100 .10 ohm 3%,,Components,
33,Rotary Knobs ,,,
33,Slider Knobs,,,
33,100K Pots,,,
33,10K Pots,,,
33,1K Pots,,,
33,Misc Pots,,,
33,100K Audio,,,
33,Misc Tapers,,,
33,5 W .10um Resistor,,,
33,3 W .47 ohm 5%,,,
33,5 W 0.27 ohm,,,
33,10 W 10 ohm,,,
33,10 W 1K ohm,,,
33,5 W 0.47 ohm,,,
33,10 W 2 ohm,,,
33,10 W 8.2 ohm,,,
33,Misc Power resistors,,,
34,Varistors,,,
34,Toroids,,,
34,Ferrites,,,
34,Bulbs and Lamps,,,
34,Ribbon Cables,,,
34,Chokes and Inductors,,,
35,DC Motors,,Assorted Motors,
35,Stepper Motors,,Assorted Motors,
36,PNP 100V 3A,TIP32C,Transistors,
36,NPN 100V 6A,TIP41C,Transistors,
36,PNP 100V 6A,TIP42C,Transistors,
36,PNP 60V 8A darlington,TIP105,Transistors,
36,NPN 60V 5A darlington,TIP125,Transistors,
36,NPN 60V 15A,2N3055,Transistors,
36,,MJ4502,Transistors,
36,NPN 80V 20A,2N5886,Transistors,
36,PNP 80V 20A,2N5884,Transistors,
36,PNP 80V 0.6A,2N2905,Transistors,
36,NPN 80V 0.6A,2N2219,Transistors,
36,NPN 40V 1.0A plastic,PN2222,Transistors,
36,PNP 40V 1.0A plastic,PN2907,Transistors,
36,NPN 40V 200mA,2N3904,Transistors,
36,PNP 40V 200mA,2N3906,Transistors,
36,NPN 40V 600mA,2N4400,Transistors,
36,NPN,2N5088,Transistors,
36,N-chan MOSFET,VN2222,MOSFETs,
36,P-chan MOSFET,BS250P,MOSFETs,
36,N-chan MOSFET,2N7000,MOSFETs,
36,N channel FET switch,J112,MOSFETs,
36,P channel FET switch,J175,MOSFETs,
36,P channel MOSFET,VP0104,MOSFETs,
36,N Jfet,2N5457,J-FETs,
37,,1N4148,,
37,Industrial Strength Diode,,,
37,TO-3 Transistor Hardware,,,
37,Misc Transistors,,,
37,Misc Large Rect-SCR-FWB,,,
37,,D45H5,,
37,200V 1A rectifiers,1N4002,,
37,100V 1A rectifiers,1N4001,,
37,6A rectifiers,A04,,
37,50V 5A rectifiers,A15F,,
37,400V 1A rectifiers,1N4004,,
37,FWB rectifier 1A ?V,,,
37,SCR 200V 0.5A,2N5064,,
37,300V 4A triac,2N6072,,
37,,2N6023,,
37,,C106D,,
37,200V 0.8A SCR Sensitive gate ,2N5064,,
37,TO-5 Transistor Socket,,,
37,TO-3 Transistor Socket,,,
37,TO-66 Transistor Socket,,,
37,3.3V 0.5W zener diode,1N5226B,,
37,8.7V 0.5W zener diode,1N5238B,,
37,12V 0.5W zener diode,1N759A,,
37,17V 0.5W zener diode,1N5247B,,
37,12V 0.5W zener diode,1N5242B,,
37,9.1V 1W zener diode,1N4739A,,
37,19V 0.5W zener diode,1N5249B,,
37,6.8V 0.5W zener diode,1N5235B,,
37,4.3V 0.5W zener diode,1N5229B,,
37,13V 0.5W zener diode,1N5243B,,
37,5.1V 0.5W zener diode,1N5231B,,
37,60V 0.5W zener diode,1N5264B,,
37,5.6V 5W zener diode,1N5339B,,
37,6.2V 1W zener diode,1N4735,,
37,7.5V 0.5W zener diode,1N5236B,,
37,9.1V 0.5W zener diode,1N5239B,,
37,8.2V 0.5W zener diode,1N5237B,,
37,18V 0.5W zener diode,1N5248B,,
37,5.1V 1W zener diode,1N4733,,
38,AC Power connectors,Power Supplies,,
38,Circuit breakers,Power Supplies,,
38,9V AC,Power Supplies,,
38,5V DC,Power Supplies,,
38,12V AC,Power Supplies,,
38,12V+ AC,Power Supplies,,
38,6-9V DC,Power Supplies,,
38,12V+ DC,Power Supplies,,
39,7V AC transformer,Power Supplies,,
39,Universal AC adapters,Power Supplies,,
39,Misc AC adapters,Power Supplies,,
39,Signal Transformers,Power Supplies,,
39,TO-3 Heat Sinks,Power Supplies,,
39,TO-220 Heat Sinks,Heat Sinks,,
39,Misc Heat Sinks,Heat Sinks,,
39,AC Power EMI filters,Power Supplies,,
40,Misc Electrical,Misc Electrical,,
40,Transformer Power,Transformers,,
40,AC motors,AC motors,,
40,Cell Phone stuff,Cellphone Power Supplies,,